config,items,fpr,ci_lo,ci_hi,n
Full VALID,V1-V12,0.0,0.0,0.03699480747600191,100
No CPCV/PBO (-V4),"V1-3,V5-12",0.29,0.21014706973984149,0.3853907494000793,100
No balancing (-V2),"V1,V3-12",0.0,0.0,0.113517091390478,30
No cost adj (-V7),"V1-6,V8-12",0.0,0.0,0.03699480747600191,100
No permutation (-V6),"V1-5,V7-12",0.0,0.0,0.03699480747600191,100
AUC only,None,0.29,0.21014706973984149,0.3853907494000793,100
