dimension,fail_count,n,rate,ci_lo,ci_hi
D1: Cost omitted,40,75,0.5333333333333333,0.42157339152780315,0.6418449054118834
D2: No class balance,54,75,0.72,0.6095909606557163,0.8089697991462156
D3: Random split,5,75,0.06666666666666667,0.028809638090317204,0.14675250169375617
D4: Weak validation,15,75,0.2,0.12512038203120296,0.3041149455116171
D5: BnH only baseline,26,75,0.3466666666666667,0.24882118363617925,0.4594546504412621
D6: No net performance,40,75,0.5333333333333333,0.42157339152780315,0.6418449054118834
D7: No code,63,75,0.84,0.7408308420225468,0.9060357867622572
