cost_bp,dm_cb_sr,dm_cb_cagr,dm_cb_trades,ml_1h_sr,ml_1h_cagr,ml_1h_trades,ml_15m_sr,ml_15m_cagr,ml_15m_trades
0,0.9539771916991665,0.4532714668672291,76,0.639842521910785,0.26193726124567407,242,0.4162848655782714,0.12992641182074793,579
5,0.9438151394100603,0.44628973607869193,76,0.6094441116013403,0.24267152063904507,242,0.3522212487113522,0.08901316101812418,579
10,0.9336370938531688,0.43933809010386904,76,0.5790238186538993,0.2236904870621379,242,0.2881765083916134,0.049561921560900446,579
18,0.9173201080439871,0.42827774673322483,76,0.5303149302136446,0.19390289117176773,242,0.18577492156283798,-0.010647073428693865,579
30,0.8927742454088451,0.4118300654453477,76,0.4571967504164783,0.15053289978054707,242,0.032431950033968635,-0.09462739179027146,579
50,0.8516928246303691,0.3847942876642301,76,0.3353113847445575,0.08161510848778986,242,-0.22203611242820268,-0.2192400957934878,579
